Date,Open,High,Low,Close,Volume,stock_name
2024-07-03 00:00:00+05:30,7189.9501953125,7284.64990234375,7170.0,7258.7998046875,836393,bajfinance.ns
2024-07-04 00:00:00+05:30,7301.0498046875,7325.0,7100.0,7107.0498046875,1897977,bajfinance.ns
2024-07-05 00:00:00+05:30,7134.0,7149.89990234375,7077.0,7138.0,931079,bajfinance.ns
2024-07-08 00:00:00+05:30,7144.9501953125,7147.64990234375,7047.0,7098.25,677705,bajfinance.ns
2024-07-09 00:00:00+05:30,7109.85009765625,7142.39990234375,7042.0,7068.0498046875,973503,bajfinance.ns
2024-07-10 00:00:00+05:30,7068.0,7129.35009765625,7021.0,7054.9501953125,809714,bajfinance.ns
2024-07-11 00:00:00+05:30,7087.89990234375,7087.89990234375,6930.0,6950.2998046875,971801,bajfinance.ns
2024-07-12 00:00:00+05:30,6996.9501953125,7045.0,6915.0498046875,7004.2998046875,1068833,bajfinance.ns
2024-07-15 00:00:00+05:30,7020.0498046875,7085.0,6995.25,7063.75,533373,bajfinance.ns
2024-07-16 00:00:00+05:30,7080.0,7090.0,7005.2001953125,7059.10009765625,558200,bajfinance.ns
2024-07-18 00:00:00+05:30,7047.10009765625,7117.89990234375,6971.14990234375,7110.0,864605,bajfinance.ns
2024-07-19 00:00:00+05:30,7110.0,7110.0,6910.0,6932.2998046875,938598,bajfinance.ns
2024-07-22 00:00:00+05:30,6932.0,6958.60009765625,6849.39990234375,6884.25,575193,bajfinance.ns
2024-07-23 00:00:00+05:30,6934.0,6944.85009765625,6620.0,6727.10009765625,1932212,bajfinance.ns
2024-07-24 00:00:00+05:30,6630.0,6654.7001953125,6541.0498046875,6607.14990234375,3100626,bajfinance.ns
2024-07-25 00:00:00+05:30,6560.0,6666.0,6551.4501953125,6647.75,950965,bajfinance.ns
2024-07-26 00:00:00+05:30,6675.0498046875,6808.39990234375,6667.10009765625,6789.75,1110184,bajfinance.ns
2024-07-29 00:00:00+05:30,6823.85009765625,6855.0,6765.75,6812.4501953125,748565,bajfinance.ns
2024-07-30 00:00:00+05:30,6812.4501953125,6899.0,6783.0,6823.60009765625,1179413,bajfinance.ns
2024-07-31 00:00:00+05:30,6826.9501953125,6855.0,6793.0,6806.9501953125,889659,bajfinance.ns
2024-08-01 00:00:00+05:30,6831.5,6844.0,6750.0,6771.64990234375,839523,bajfinance.ns
2024-08-02 00:00:00+05:30,6725.0,6750.0,6673.10009765625,6725.0,622218,bajfinance.ns
2024-08-05 00:00:00+05:30,6650.0,6650.0,6532.60009765625,6596.7001953125,944041,bajfinance.ns
2024-08-06 00:00:00+05:30,6626.0,6697.0,6511.5,6538.35009765625,891828,bajfinance.ns
2024-08-07 00:00:00+05:30,6600.0,6659.35009765625,6581.10009765625,6637.14990234375,464284,bajfinance.ns
2024-08-08 00:00:00+05:30,6625.0498046875,6678.0498046875,6571.35009765625,6582.2001953125,690389,bajfinance.ns
2024-08-09 00:00:00+05:30,6700.0,6700.0,6591.0,6618.2001953125,699490,bajfinance.ns
2024-08-12 00:00:00+05:30,6619.10009765625,6645.0,6564.0498046875,6608.14990234375,674887,bajfinance.ns
2024-08-13 00:00:00+05:30,6644.9501953125,6644.9501953125,6452.2001953125,6465.0498046875,1072327,bajfinance.ns
2024-08-14 00:00:00+05:30,6482.5,6489.9501953125,6430.9501953125,6458.5,774276,bajfinance.ns
2024-08-16 00:00:00+05:30,6505.0,6600.0,6425.0,6590.89990234375,753419,bajfinance.ns
2024-08-19 00:00:00+05:30,6638.0,6656.0,6593.60009765625,6616.35009765625,528730,bajfinance.ns
2024-08-20 00:00:00+05:30,6647.35009765625,6773.89990234375,6616.35009765625,6722.2001953125,957159,bajfinance.ns
2024-08-21 00:00:00+05:30,6721.9501953125,6747.2998046875,6695.0,6735.35009765625,633111,bajfinance.ns
2024-08-22 00:00:00+05:30,6750.0,6765.0,6723.89990234375,6743.60009765625,728260,bajfinance.ns
2024-08-23 00:00:00+05:30,6755.0,6762.0,6704.9501953125,6735.85009765625,618045,bajfinance.ns
2024-08-26 00:00:00+05:30,6776.0,6819.0,6756.0498046875,6778.35009765625,898343,bajfinance.ns
2024-08-27 00:00:00+05:30,6778.35009765625,6873.35009765625,6730.0,6863.60009765625,2035902,bajfinance.ns
2024-08-28 00:00:00+05:30,6876.0,6917.0,6852.0,6900.0,848986,bajfinance.ns
2024-08-29 00:00:00+05:30,6889.0498046875,7158.0,6881.5498046875,7063.5498046875,2639159,bajfinance.ns
2024-08-30 00:00:00+05:30,7071.0498046875,7215.0498046875,7071.0498046875,7200.14990234375,2044367,bajfinance.ns
2024-09-02 00:00:00+05:30,7274.0,7450.0,7229.0,7440.0498046875,2296378,bajfinance.ns
2024-09-03 00:00:00+05:30,7460.0,7460.0,7206.10009765625,7353.7998046875,1898656,bajfinance.ns
2024-09-04 00:00:00+05:30,7254.9501953125,7377.0,7245.25,7299.5,886746,bajfinance.ns
2024-09-05 00:00:00+05:30,7320.0,7326.64990234375,7193.0,7244.89990234375,673447,bajfinance.ns
2024-09-06 00:00:00+05:30,7255.5498046875,7395.0,7255.5498046875,7317.14990234375,1842827,bajfinance.ns
2024-09-09 00:00:00+05:30,7324.0,7377.9501953125,7262.7998046875,7347.4501953125,878938,bajfinance.ns
2024-09-10 00:00:00+05:30,7369.9501953125,7369.9501953125,7193.0,7241.85009765625,1308932,bajfinance.ns
2024-09-11 00:00:00+05:30,7250.0,7432.0,7206.2998046875,7345.5498046875,1104890,bajfinance.ns
2024-09-12 00:00:00+05:30,7420.0,7440.0,7296.60009765625,7428.2998046875,1446764,bajfinance.ns
2024-09-13 00:00:00+05:30,7428.2998046875,7660.0,7352.0,7598.5,2208438,bajfinance.ns
2024-09-16 00:00:00+05:30,7680.0,7680.0,7322.0,7345.75,2679555,bajfinance.ns
2024-09-17 00:00:00+05:30,7337.5,7455.0,7286.14990234375,7365.5,1567786,bajfinance.ns
2024-09-18 00:00:00+05:30,7387.25,7672.5,7378.5,7631.10009765625,2974993,bajfinance.ns
2024-09-19 00:00:00+05:30,7675.0,7748.0,7560.0,7590.35009765625,1720644,bajfinance.ns
2024-09-20 00:00:00+05:30,7635.0,7655.0,7487.25,7582.4501953125,1645004,bajfinance.ns
2024-09-23 00:00:00+05:30,7625.75,7635.9501953125,7531.7001953125,7595.10009765625,573497,bajfinance.ns
2024-09-24 00:00:00+05:30,7597.0,7603.4501953125,7483.89990234375,7554.2001953125,1069540,bajfinance.ns
2024-09-25 00:00:00+05:30,7545.0,7640.0,7498.0498046875,7623.89990234375,1272038,bajfinance.ns
2024-09-26 00:00:00+05:30,7640.0,7779.39990234375,7587.5498046875,7768.39990234375,1668165,bajfinance.ns
2024-09-27 00:00:00+05:30,7780.0,7810.0,7711.0,7756.0,1178131,bajfinance.ns
2024-09-30 00:00:00+05:30,7746.0,7824.0,7676.14990234375,7703.0,961952,bajfinance.ns
2024-10-01 00:00:00+05:30,7660.10009765625,7814.64990234375,7651.0,7703.0,788288,bajfinance.ns
2024-10-03 00:00:00+05:30,7610.0,7700.0,7381.0,7423.60009765625,847569,bajfinance.ns
2024-07-03 00:00:00+05:30,3122.053671864414,3139.345082581703,3075.113134237558,3094.347900390625,4524810,reliance.ns
2024-07-04 00:00:00+05:30,3103.4669349132987,3124.3959026824637,3091.1089750802926,3097.537109375,3418588,reliance.ns
2024-07-05 00:00:00+05:30,3097.1382548476063,3186.186125174581,3085.527758379888,3166.5029296875,6134855,reliance.ns
2024-07-08 00:00:00+05:30,3167.2504254618125,3206.7165759181016,3154.344277457146,3190.969970703125,4750403,reliance.ns
2024-07-09 00:00:00+05:30,3184.392096680289,3190.172526678689,3150.307827813601,3169.791748046875,3480001,reliance.ns
2024-07-10 00:00:00+05:30,3179.209821781849,3184.1929092768046,3115.725335759075,3157.732666015625,3567289,reliance.ns
2024-07-11 00:00:00+05:30,3164.260544603564,3197.6472306647356,3130.375549795211,3150.60693359375,5970473,reliance.ns
2024-07-12 00:00:00+05:30,3158.280943483943,3199.4412960174936,3138.348592941286,3182.648193359375,6462392,reliance.ns
2024-07-15 00:00:00+05:30,3198.045849834165,3200.836427541989,3160.274143302895,3183.644775390625,2664844,reliance.ns
2024-07-16 00:00:00+05:30,3176.2199736846997,3189.176001189532,3127.634870541578,3141.836669921875,4693419,reliance.ns
2024-07-18 00:00:00+05:30,3141.338330188501,3177.0172850128693,3105.111187081371,3162.6162109375,6149187,reliance.ns
2024-07-19 00:00:00+05:30,3161.270793731356,3169.1938544032473,3095.095487304524,3099.779541015625,6570195,reliance.ns
2024-07-22 00:00:00+05:30,3064.100470043999,3064.5987787885174,2988.407420414608,2991.197998046875,9837188,reliance.ns
2024-07-23 00:00:00+05:30,2991.845704571471,3001.313570725178,2916.1027753418134,2965.734375,9026022,reliance.ns
2024-07-24 00:00:00+05:30,2959.9539769524845,3008.788234484697,2942.8122046041412,2981.281494140625,5956681,reliance.ns
2024-07-25 00:00:00+05:30,2951.9809305628182,2990.799132151518,2944.1573861386773,2974.703857421875,6259938,reliance.ns
2024-07-26 00:00:00+05:30,2974.7040202182225,3014.6186005284626,2970.617791063233,3007.841552734375,4929970,reliance.ns
2024-07-29 00:00:00+05:30,3013.6715898374314,3044.6664917107264,3013.322919697978,3029.91650390625,3769275,reliance.ns
2024-07-30 00:00:00+05:30,3023.7872618997835,3039.6832617696828,3009.7847378834235,3016.0634765625,4114104,reliance.ns
2024-07-31 00:00:00+05:30,2997.8253144024516,3010.681582287895,2992.144643553414,3000.665771484375,5028673,reliance.ns
2024-08-01 00:00:00+05:30,3013.77134820626,3025.7307583181896,2998.4235358885458,3020.34912109375,5382111,reliance.ns
2024-08-02 00:00:00+05:30,2999.8185413845913,3008.43918504969,2976.4479107135103,2988.5068359375,5134124,reliance.ns
2024-08-05 00:00:00+05:30,2949.987691125347,2957.7613560014097,2856.803958314462,2884.858642578125,8523352,reliance.ns
2024-08-06 00:00:00+05:30,2900.456039787015,2945.0047946162135,2892.831769710534,2902.25,5118093,reliance.ns
2024-08-07 00:00:00+05:30,2928.0620874634556,2935.038409659591,2913.1128256145953,2919.740234375,4087284,reliance.ns
2024-08-08 00:00:00+05:30,2905.1900006325677,2920.0893841515353,2882.0685224312615,2888.44677734375,6193596,reliance.ns
2024-08-09 00:00:00+05:30,2910.1231069497526,2943.011484528294,2902.150166930712,2938.62646484375,3124888,reliance.ns
2024-08-12 00:00:00+05:30,2930.05547476733,2936.0351798178754,2905.6383458109353,2911.368896484375,4092292,reliance.ns
2024-08-13 00:00:00+05:30,2911.618082077622,2930.2049014830795,2906.136685722521,2917.3486328125,3132532,reliance.ns
2024-08-14 00:00:00+05:30,2917.1991923764376,2934.041930862868,2897.565632901892,2913.810546875,3133733,reliance.ns
2024-08-16 00:00:00+05:30,2927.364653936184,2950.785165366382,2906.2364114365864,2946.39990234375,4708451,reliance.ns
2024-08-19 00:00:00+05:30,2965.0,2996.60009765625,2961.0,2976.800048828125,6898871,reliance.ns
2024-08-20 00:00:00+05:30,2994.449951171875,3007.85009765625,2980.050048828125,2991.89990234375,4205904,reliance.ns
2024-08-21 00:00:00+05:30,2986.5,3015.75,2980.0,2997.35009765625,3884998,reliance.ns
2024-08-22 00:00:00+05:30,3006.0,3013.0,2981.300048828125,2996.25,5222891,reliance.ns
2024-08-23 00:00:00+05:30,3007.5,3022.64990234375,2996.85009765625,2999.949951171875,4624827,reliance.ns
2024-08-26 00:00:00+05:30,3013.949951171875,3046.0,3006.0,3025.199951171875,4408057,reliance.ns
2024-08-27 00:00:00+05:30,3021.0,3026.949951171875,2998.89990234375,3000.89990234375,3125578,reliance.ns
2024-08-28 00:00:00+05:30,3010.0,3014.949951171875,2986.0,2996.60009765625,4805143,reliance.ns
2024-08-29 00:00:00+05:30,3006.199951171875,3074.0,2988.0,3041.85009765625,19167679,reliance.ns
2024-08-30 00:00:00+05:30,3068.0,3079.449951171875,3006.64990234375,3019.25,20810365,reliance.ns
2024-09-02 00:00:00+05:30,3021.75,3053.60009765625,3013.25,3032.5,5620426,reliance.ns
2024-09-03 00:00:00+05:30,3042.5,3046.0,3015.0,3018.25,5461900,reliance.ns
2024-09-04 00:00:00+05:30,3001.39990234375,3035.0,2999.0,3029.10009765625,5991652,reliance.ns
2024-09-05 00:00:00+05:30,3038.10009765625,3051.550048828125,2974.10009765625,2985.949951171875,8132084,reliance.ns
2024-09-06 00:00:00+05:30,2985.0,2994.0,2923.25,2929.64990234375,9697114,reliance.ns
2024-09-09 00:00:00+05:30,2933.0,2939.85009765625,2911.199951171875,2924.89990234375,4505149,reliance.ns
2024-09-10 00:00:00+05:30,2921.0,2944.10009765625,2915.14990234375,2923.050048828125,5384130,reliance.ns
2024-09-11 00:00:00+05:30,2926.10009765625,2937.5,2895.10009765625,2903.0,4880101,reliance.ns
2024-09-12 00:00:00+05:30,2914.0,2972.0,2891.75,2959.60009765625,11174688,reliance.ns
2024-09-13 00:00:00+05:30,2952.800048828125,2966.300048828125,2939.0,2945.25,4355664,reliance.ns
2024-09-16 00:00:00+05:30,2955.10009765625,2961.800048828125,2929.5,2942.699951171875,2740887,reliance.ns
2024-09-17 00:00:00+05:30,2948.0,2954.949951171875,2933.25,2944.60009765625,2967664,reliance.ns
2024-09-18 00:00:00+05:30,2940.0,2964.0,2921.10009765625,2926.89990234375,4287357,reliance.ns
2024-09-19 00:00:00+05:30,2932.5,2953.0,2911.10009765625,2939.35009765625,8477951,reliance.ns
2024-09-20 00:00:00+05:30,2948.0,2990.0,2942.75,2971.85009765625,15448660,reliance.ns
2024-09-23 00:00:00+05:30,2982.0,3003.0,2977.89990234375,2986.75,4416157,reliance.ns
2024-09-24 00:00:00+05:30,2977.0,3001.0,2975.75,2978.75,8568722,reliance.ns
2024-09-25 00:00:00+05:30,2967.800048828125,2993.0,2960.39990234375,2987.89990234375,3534501,reliance.ns
2024-09-26 00:00:00+05:30,2981.300048828125,3008.0,2976.10009765625,2995.89990234375,9409499,reliance.ns
2024-09-27 00:00:00+05:30,2998.0,3066.949951171875,2984.0,3052.35009765625,10298739,reliance.ns
2024-09-30 00:00:00+05:30,3038.800048828125,3049.949951171875,2948.800048828125,2953.14990234375,13504407,reliance.ns
2024-10-01 00:00:00+05:30,2961.300048828125,2975.89990234375,2925.64990234375,2929.64990234375,8215821,reliance.ns
2024-10-03 00:00:00+05:30,2873.14990234375,2898.800048828125,2812.550048828125,2815.050048828125,14384201,reliance.ns
2024-07-03 00:00:00+05:30,694.9163785105322,698.9929847297836,679.5047266423792,687.7077026367188,5875690,hindalco.ns
2024-07-04 00:00:00+05:30,693.7231860891976,701.7272896896147,686.6139161589182,687.906494140625,5924057,hindalco.ns
2024-07-05 00:00:00+05:30,690.0443079513576,698.4958592735285,689.5471578735829,695.1649780273438,5174673,hindalco.ns
2024-07-08 00:00:00+05:30,699.6393223005867,701.8764976300229,687.7077205435936,693.22607421875,2636146,hindalco.ns
2024-07-09 00:00:00+05:30,697.9987140315594,706.5994347115554,691.5854658463804,702.97021484375,5507357,hindalco.ns
2024-07-10 00:00:00+05:30,703.9644906205435,708.041096870418,681.3938655776016,689.3482666015625,5327276,hindalco.ns
2024-07-11 00:00:00+05:30,697.9986997048346,697.9986997048346,688.0556982845378,692.3311767578125,6856272,hindalco.ns
2024-07-12 00:00:00+05:30,693.5243556780247,698.4461535654508,682.1893096759079,688.1054077148438,3839953,hindalco.ns
2024-07-15 00:00:00+05:30,688.1053931574453,697.6009472660243,684.5259369626425,696.1094970703125,2848268,hindalco.ns
2024-07-16 00:00:00+05:30,696.3083386171421,699.1421302767509,685.0727597742618,686.8624877929688,4570179,hindalco.ns
2024-07-18 00:00:00+05:30,682.0898973216983,691.8837294441959,680.2007027772427,686.0173950195312,7841505,hindalco.ns
2024-07-19 00:00:00+05:30,680.001905989694,681.7916341462702,654.8958268651168,659.2210083007812,6207375,hindalco.ns
2024-07-22 00:00:00+05:30,651.2665766557727,671.152578996407,647.1402068951859,668.4679565429688,3291634,hindalco.ns
2024-07-23 00:00:00+05:30,668.467977122601,669.3628715303853,635.0595164367189,649.775146484375,9602846,hindalco.ns
2024-07-24 00:00:00+05:30,649.2779697173443,652.9071893819404,641.3235688632267,647.8859252929688,2610134,hindalco.ns
2024-07-25 00:00:00+05:30,638.2909897053452,645.300793584488,629.6902691831268,642.86474609375,6171776,hindalco.ns
2024-07-26 00:00:00+05:30,656.2380820990536,664.68963315639,651.2665814770911,663.7947387695312,4730539,hindalco.ns
2024-07-29 00:00:00+05:30,672.8926067005502,672.8926067005502,661.209580282033,663.0490112304688,6032470,hindalco.ns
2024-07-30 00:00:00+05:30,661.2095800337694,661.2095800337694,650.8688345072081,656.7352294921875,6714850,hindalco.ns
2024-07-31 00:00:00+05:30,663.1981692004704,670.1582699267123,660.4638439151611,665.7833251953125,8551592,hindalco.ns
2024-08-01 00:00:00+05:30,676.1240836117298,686.961979226882,663.5461627814003,669.6611328125,8831127,hindalco.ns
2024-08-02 00:00:00+05:30,656.0392279543526,661.8061566967608,642.8647509443247,644.356201171875,6717210,hindalco.ns
2024-08-05 00:00:00+05:30,624.4702113597211,630.2371402242321,605.7773802494285,610.798583984375,13451475,hindalco.ns
2024-08-06 00:00:00+05:30,621.4375739750009,625.4147744484409,604.5344719628808,606.8213500976562,7063441,hindalco.ns
2024-08-07 00:00:00+05:30,621.4375975967982,625.8622454291406,613.2346213085206,620.14501953125,4839670,hindalco.ns
2024-08-08 00:00:00+05:30,621.4375864449369,627.4033872748083,609.5059847851941,610.5499877929688,5396272,hindalco.ns
2024-08-09 00:00:00+05:30,622.0,626.5,614.7999877929688,622.9000244140625,3629264,hindalco.ns
2024-08-12 00:00:00+05:30,619.0,634.4000244140625,616.5,629.3499755859375,3586449,hindalco.ns
2024-08-13 00:00:00+05:30,634.4000244140625,634.4000244140625,619.2000122070312,621.4000244140625,6793767,hindalco.ns
2024-08-14 00:00:00+05:30,626.8499755859375,633.9500122070312,611.5999755859375,621.4500122070312,8646288,hindalco.ns
2024-08-16 00:00:00+05:30,633.9500122070312,642.0,630.2000122070312,634.1500244140625,6566337,hindalco.ns
2024-08-19 00:00:00+05:30,636.5,660.2999877929688,636.5,658.8499755859375,9510274,hindalco.ns
2024-08-20 00:00:00+05:30,663.0,674.2999877929688,661.0499877929688,672.9000244140625,10295836,hindalco.ns
2024-08-21 00:00:00+05:30,668.9000244140625,696.5999755859375,667.7999877929688,685.5999755859375,7815238,hindalco.ns
2024-08-22 00:00:00+05:30,691.5,692.0,677.2000122070312,685.5499877929688,6188728,hindalco.ns
2024-08-23 00:00:00+05:30,690.0499877929688,694.7000122070312,677.7999877929688,685.0999755859375,7774920,hindalco.ns
2024-08-26 00:00:00+05:30,694.4000244140625,712.9000244140625,689.5,711.8499755859375,11517668,hindalco.ns
2024-08-27 00:00:00+05:30,711.9000244140625,712.9500122070312,702.75,703.5,6465241,hindalco.ns
2024-08-28 00:00:00+05:30,706.0,710.7000122070312,701.1500244140625,705.0499877929688,3599946,hindalco.ns
2024-08-29 00:00:00+05:30,697.6500244140625,702.3499755859375,691.4000244140625,700.5,5728640,hindalco.ns
2024-08-30 00:00:00+05:30,699.0,708.5,695.0999755859375,701.3499755859375,7404373,hindalco.ns
2024-09-02 00:00:00+05:30,706.7000122070312,706.7000122070312,683.2000122070312,683.9000244140625,6186645,hindalco.ns
2024-09-03 00:00:00+05:30,687.6500244140625,692.7000122070312,677.5499877929688,678.9000244140625,4457291,hindalco.ns
2024-09-04 00:00:00+05:30,666.6500244140625,673.7999877929688,661.25,666.7999877929688,5816848,hindalco.ns
2024-09-05 00:00:00+05:30,670.0,672.4000244140625,667.25,669.9500122070312,3749608,hindalco.ns
2024-09-06 00:00:00+05:30,668.25,677.0,665.4500122070312,667.0999755859375,6311131,hindalco.ns
2024-09-09 00:00:00+05:30,664.0,664.0,651.0,658.5499877929688,5144488,hindalco.ns
2024-09-10 00:00:00+05:30,664.9000244140625,666.7999877929688,653.7000122070312,659.5,3304741,hindalco.ns
2024-09-11 00:00:00+05:30,658.5999755859375,658.5999755859375,645.4000244140625,647.7000122070312,3825823,hindalco.ns
2024-09-12 00:00:00+05:30,658.0,677.9000244140625,651.5,676.2000122070312,8594764,hindalco.ns
2024-09-13 00:00:00+05:30,686.0,686.4000244140625,670.5999755859375,673.25,5977861,hindalco.ns
2024-09-16 00:00:00+05:30,680.0999755859375,687.5499877929688,676.5499877929688,685.1500244140625,4258546,hindalco.ns
2024-09-17 00:00:00+05:30,689.0,692.0,681.0999755859375,683.0,3395470,hindalco.ns
2024-09-18 00:00:00+05:30,685.0,687.9500122070312,673.3499755859375,685.25,3404940,hindalco.ns
2024-09-19 00:00:00+05:30,690.0,690.8499755859375,668.2000122070312,684.2000122070312,5134590,hindalco.ns
2024-09-20 00:00:00+05:30,692.0999755859375,698.7999877929688,688.75,694.4000244140625,9753966,hindalco.ns
2024-09-23 00:00:00+05:30,695.5,698.0,687.9500122070312,690.5499877929688,2808114,hindalco.ns
2024-09-24 00:00:00+05:30,697.5999755859375,719.7000122070312,693.0,717.8499755859375,15201960,hindalco.ns
2024-09-25 00:00:00+05:30,725.0,730.9000244140625,715.5499877929688,718.4500122070312,9525319,hindalco.ns
2024-09-26 00:00:00+05:30,718.4500122070312,736.1500244140625,710.7000122070312,734.6500244140625,10573166,hindalco.ns
2024-09-27 00:00:00+05:30,746.9500122070312,757.7000122070312,742.0999755859375,747.1500244140625,12936973,hindalco.ns
2024-09-30 00:00:00+05:30,750.0,764.4500122070312,749.4500122070312,756.2000122070312,8566640,hindalco.ns
2024-10-01 00:00:00+05:30,755.0,765.5,745.2000122070312,761.5499877929688,4402151,hindalco.ns
2024-10-03 00:00:00+05:30,750.0,772.6500244140625,744.7000122070312,747.3499755859375,4475526,hindalco.ns
2024-07-03 00:00:00+05:30,209.4499969482422,213.9499969482422,205.3300018310547,208.44000244140625,61479249,zomato.ns
2024-07-04 00:00:00+05:30,208.38999938964844,210.2899932861328,206.6999969482422,207.44000244140625,30004307,zomato.ns
2024-07-05 00:00:00+05:30,207.0,208.39999389648438,204.77000427246094,207.57000732421875,29681228,zomato.ns
2024-07-08 00:00:00+05:30,208.25,210.0,206.0,207.92999267578125,18260120,zomato.ns
2024-07-09 00:00:00+05:30,207.8000030517578,214.0,206.61000061035156,212.55999755859375,39312576,zomato.ns
2024-07-10 00:00:00+05:30,213.0,213.38999938964844,205.74000549316406,211.3699951171875,29852043,zomato.ns
2024-07-11 00:00:00+05:30,211.47000122070312,218.9499969482422,211.3699951171875,217.13999938964844,45769091,zomato.ns
2024-07-12 00:00:00+05:30,219.0,223.25,217.0500030517578,222.47000122070312,45580868,zomato.ns
2024-07-15 00:00:00+05:30,225.0,232.0,225.0,229.14999389648438,51203051,zomato.ns
2024-07-16 00:00:00+05:30,230.0,230.35000610351562,215.3000030517578,217.49000549316406,44681031,zomato.ns
2024-07-18 00:00:00+05:30,217.75,221.39999389648438,210.25,220.6199951171875,58537673,zomato.ns
2024-07-19 00:00:00+05:30,217.99000549316406,220.49000549316406,213.6699981689453,218.88999938964844,39257871,zomato.ns
2024-07-22 00:00:00+05:30,214.0,222.19000244140625,214.0,221.66000366210938,33701488,zomato.ns
2024-07-23 00:00:00+05:30,222.5,223.72000122070312,207.0,217.91000366210938,36589825,zomato.ns
2024-07-24 00:00:00+05:30,217.85000610351562,225.5,215.60000610351562,223.49000549316406,32358784,zomato.ns
2024-07-25 00:00:00+05:30,221.0,223.97000122070312,216.9499969482422,219.30999755859375,26124437,zomato.ns
2024-07-26 00:00:00+05:30,219.0,226.6199951171875,216.85000610351562,224.6199951171875,35693966,zomato.ns
2024-07-29 00:00:00+05:30,226.6199951171875,229.4600067138672,224.10000610351562,226.88999938964844,40644424,zomato.ns
2024-07-30 00:00:00+05:30,226.9499969482422,231.1999969482422,225.11000061035156,227.1300048828125,39378466,zomato.ns
2024-07-31 00:00:00+05:30,227.61000061035156,230.13999938964844,226.0500030517578,229.4499969482422,25009969,zomato.ns
2024-08-01 00:00:00+05:30,231.0,238.0,228.0,234.08999633789062,87888742,zomato.ns
2024-08-02 00:00:00+05:30,244.5,278.70001220703125,243.0,262.3399963378906,389060620,zomato.ns
2024-08-05 00:00:00+05:30,254.0,265.54998779296875,249.0,256.2900085449219,156106218,zomato.ns
2024-08-06 00:00:00+05:30,265.8999938964844,275.0,247.1999969482422,249.0800018310547,143459602,zomato.ns
2024-08-07 00:00:00+05:30,261.5299987792969,267.6000061035156,251.80999755859375,265.6700134277344,127379201,zomato.ns
2024-08-08 00:00:00+05:30,265.0,267.5,260.0,265.5899963378906,57917059,zomato.ns
2024-08-09 00:00:00+05:30,267.7300109863281,272.8999938964844,265.54998779296875,267.0899963378906,52601958,zomato.ns
2024-08-12 00:00:00+05:30,263.5,266.489990234375,261.3500061035156,263.42999267578125,33514964,zomato.ns
2024-08-13 00:00:00+05:30,265.0,265.3999938964844,256.0,257.0799865722656,26127109,zomato.ns
2024-08-14 00:00:00+05:30,260.29998779296875,264.5,255.5,260.1400146484375,41735068,zomato.ns
2024-08-16 00:00:00+05:30,260.70001220703125,266.20001220703125,257.010009765625,264.42999267578125,42932761,zomato.ns
2024-08-19 00:00:00+05:30,278.0,280.8999938964844,261.0,262.1700134277344,80435895,zomato.ns
2024-08-20 00:00:00+05:30,262.0,264.45001220703125,258.25,263.1199951171875,132396556,zomato.ns
2024-08-21 00:00:00+05:30,263.1199951171875,264.45001220703125,259.0,260.0299987792969,38605742,zomato.ns
2024-08-22 00:00:00+05:30,264.0,267.0,256.010009765625,257.9599914550781,73893288,zomato.ns
2024-08-23 00:00:00+05:30,260.4100036621094,269.8999938964844,258.30999755859375,262.6499938964844,102220794,zomato.ns
2024-08-26 00:00:00+05:30,263.79998779296875,264.4200134277344,258.1000061035156,259.3900146484375,36184864,zomato.ns
2024-08-27 00:00:00+05:30,260.75,261.3999938964844,255.39999389648438,256.04998779296875,31816706,zomato.ns
2024-08-28 00:00:00+05:30,257.0,257.739990234375,252.14999389648438,253.0399932861328,28603253,zomato.ns
2024-08-29 00:00:00+05:30,254.77999877929688,256.3500061035156,248.50999450683594,252.33999633789062,37767471,zomato.ns
2024-08-30 00:00:00+05:30,253.5,255.4499969482422,248.80999755859375,250.52999877929688,50157287,zomato.ns
2024-09-02 00:00:00+05:30,252.0,252.3000030517578,241.85000610351562,244.4499969482422,55833057,zomato.ns
2024-09-03 00:00:00+05:30,246.75,252.9499969482422,245.39999389648438,247.6999969482422,66538683,zomato.ns
2024-09-04 00:00:00+05:30,244.4499969482422,245.0,240.39999389648438,242.85000610351562,58762234,zomato.ns
2024-09-05 00:00:00+05:30,248.0500030517578,261.6000061035156,246.0,254.85000610351562,115627516,zomato.ns
2024-09-06 00:00:00+05:30,255.0,262.1499938964844,254.25,259.95001220703125,75700809,zomato.ns
2024-09-09 00:00:00+05:30,260.0,265.0,256.29998779296875,263.20001220703125,58534619,zomato.ns
2024-09-10 00:00:00+05:30,265.8500061035156,270.29998779296875,259.54998779296875,267.70001220703125,68658961,zomato.ns
2024-09-11 00:00:00+05:30,268.25,281.5,268.1000061035156,271.75,121883781,zomato.ns
2024-09-12 00:00:00+05:30,276.29998779296875,286.0,274.29998779296875,283.8999938964844,101691858,zomato.ns
2024-09-13 00:00:00+05:30,285.3999938964844,286.45001220703125,271.1000061035156,272.8999938964844,82150759,zomato.ns
2024-09-16 00:00:00+05:30,274.5,282.0,269.20001220703125,277.70001220703125,47792145,zomato.ns
2024-09-17 00:00:00+05:30,277.6499938964844,278.0,270.0,270.75,33515464,zomato.ns
2024-09-18 00:00:00+05:30,270.6499938964844,277.8500061035156,269.8999938964844,275.8500061035156,30225926,zomato.ns
2024-09-19 00:00:00+05:30,276.5,280.95001220703125,272.25,278.8500061035156,48225291,zomato.ns
2024-09-20 00:00:00+05:30,279.0,293.0,278.95001220703125,290.5,84416068,zomato.ns
2024-09-23 00:00:00+05:30,292.0,298.25,290.54998779296875,297.0,48761823,zomato.ns
2024-09-24 00:00:00+05:30,298.0,298.0,290.25,291.70001220703125,40844804,zomato.ns
2024-09-25 00:00:00+05:30,291.79998779296875,291.8500061035156,283.04998779296875,285.3999938964844,47685746,zomato.ns
2024-09-26 00:00:00+05:30,285.3999938964844,285.8999938964844,278.5,283.8999938964844,39057810,zomato.ns
2024-09-27 00:00:00+05:30,275.3999938964844,286.8999938964844,273.5,278.1499938964844,58812631,zomato.ns
2024-09-30 00:00:00+05:30,277.8999938964844,277.8999938964844,272.45001220703125,273.29998779296875,40976919,zomato.ns
2024-10-01 00:00:00+05:30,272.54998779296875,276.45001220703125,271.29998779296875,274.1499938964844,32110540,zomato.ns
2024-10-03 00:00:00+05:30,269.70001220703125,272.45001220703125,268.5,270.25,32701652,zomato.ns
2024-07-03 00:00:00+05:30,174.5399932861328,176.8800048828125,174.39999389648438,176.3699951171875,29090492,tatasteel.ns
2024-07-04 00:00:00+05:30,177.0,178.19000244140625,175.82000732421875,176.2899932861328,29504744,tatasteel.ns
2024-07-05 00:00:00+05:30,176.1999969482422,176.1999969482422,173.39999389648438,174.7100067138672,38123217,tatasteel.ns
2024-07-08 00:00:00+05:30,174.60000610351562,175.47000122070312,172.08999633789062,172.27999877929688,31479861,tatasteel.ns
2024-07-09 00:00:00+05:30,173.60000610351562,173.6999969482422,171.50999450683594,171.8000030517578,25127904,tatasteel.ns
2024-07-10 00:00:00+05:30,172.5,172.88999938964844,167.02000427246094,167.97999572753906,41525591,tatasteel.ns
2024-07-11 00:00:00+05:30,170.0,170.9499969482422,168.6699981689453,168.9199981689453,33987236,tatasteel.ns
2024-07-12 00:00:00+05:30,170.1999969482422,170.38999938964844,168.00999450683594,168.69000244140625,33311402,tatasteel.ns
2024-07-15 00:00:00+05:30,168.69000244140625,168.99000549316406,165.8000030517578,166.75999450683594,32635187,tatasteel.ns
2024-07-16 00:00:00+05:30,167.8000030517578,169.82000732421875,166.6999969482422,167.07000732421875,26505901,tatasteel.ns
2024-07-18 00:00:00+05:30,167.61000061035156,167.61000061035156,164.44000244140625,166.36000061035156,36568852,tatasteel.ns
2024-07-19 00:00:00+05:30,166.0,166.08999633789062,157.1999969482422,157.77000427246094,77987514,tatasteel.ns
2024-07-22 00:00:00+05:30,158.39999389648438,160.6999969482422,156.41000366210938,160.32000732421875,40353690,tatasteel.ns
2024-07-23 00:00:00+05:30,161.60000610351562,161.97000122070312,155.0,160.02000427246094,37077411,tatasteel.ns
2024-07-24 00:00:00+05:30,160.02000427246094,162.02000427246094,159.19000244140625,160.30999755859375,28086566,tatasteel.ns
2024-07-25 00:00:00+05:30,158.5,158.5,156.89999389648438,157.38999938964844,45155876,tatasteel.ns
2024-07-26 00:00:00+05:30,158.75,162.9499969482422,158.2100067138672,162.5500030517578,45642032,tatasteel.ns
2024-07-29 00:00:00+05:30,164.6999969482422,164.6999969482422,162.3300018310547,162.8699951171875,31754833,tatasteel.ns
2024-07-30 00:00:00+05:30,162.89999389648438,165.3000030517578,161.30999755859375,164.07000732421875,42824600,tatasteel.ns
2024-07-31 00:00:00+05:30,166.2899932861328,166.5,163.5500030517578,165.3300018310547,52769925,tatasteel.ns
2024-08-01 00:00:00+05:30,168.1999969482422,168.9499969482422,160.89999389648438,163.05999755859375,118341338,tatasteel.ns
2024-08-02 00:00:00+05:30,161.0,161.19000244140625,154.72000122070312,158.22000122070312,72427529,tatasteel.ns
2024-08-05 00:00:00+05:30,153.66000366210938,154.0,149.0,149.82000732421875,102883971,tatasteel.ns
2024-08-06 00:00:00+05:30,151.2100067138672,153.8000030517578,149.61000061035156,150.32000732421875,53507102,tatasteel.ns
2024-08-07 00:00:00+05:30,153.6999969482422,154.3000030517578,151.89999389648438,153.86000061035156,32029697,tatasteel.ns
2024-08-08 00:00:00+05:30,153.39999389648438,153.44000244140625,150.0,150.27999877929688,51858615,tatasteel.ns
2024-08-09 00:00:00+05:30,153.0,153.0,151.25,151.80999755859375,23290101,tatasteel.ns
2024-08-12 00:00:00+05:30,151.0,153.39999389648438,149.8800048828125,152.05999755859375,30550334,tatasteel.ns
2024-08-13 00:00:00+05:30,152.10000610351562,152.9499969482422,148.5,148.8800048828125,29396493,tatasteel.ns
2024-08-14 00:00:00+05:30,149.89999389648438,149.89999389648438,142.35000610351562,146.1699981689453,97911180,tatasteel.ns
2024-08-16 00:00:00+05:30,148.0,150.0,146.4600067138672,149.52000427246094,54131721,tatasteel.ns
2024-08-19 00:00:00+05:30,150.85000610351562,154.3000030517578,150.38999938964844,153.9600067138672,62889770,tatasteel.ns
2024-08-20 00:00:00+05:30,155.6999969482422,155.6999969482422,152.8000030517578,153.92999267578125,37559016,tatasteel.ns
2024-08-21 00:00:00+05:30,153.0,154.17999267578125,151.77000427246094,151.9199981689453,49749381,tatasteel.ns
2024-08-22 00:00:00+05:30,152.50999450683594,154.35000610351562,152.50999450683594,154.13999938964844,36719176,tatasteel.ns
2024-08-23 00:00:00+05:30,154.0,154.38999938964844,152.5500030517578,154.1999969482422,31490857,tatasteel.ns
2024-08-26 00:00:00+05:30,154.61000061035156,156.39999389648438,153.6999969482422,155.6999969482422,32497603,tatasteel.ns
2024-08-27 00:00:00+05:30,155.8000030517578,156.5,154.60000610351562,154.6999969482422,24523684,tatasteel.ns
2024-08-28 00:00:00+05:30,154.6999969482422,155.0,153.0500030517578,153.6999969482422,25195197,tatasteel.ns
2024-08-29 00:00:00+05:30,153.2100067138672,153.55999755859375,151.1999969482422,152.97000122070312,44452983,tatasteel.ns
2024-08-30 00:00:00+05:30,153.0,155.25,152.47000122070312,152.75999450683594,55134023,tatasteel.ns
2024-09-02 00:00:00+05:30,153.89999389648438,153.89999389648438,152.13999938964844,152.8800048828125,19200143,tatasteel.ns
2024-09-03 00:00:00+05:30,152.83999633789062,153.4499969482422,152.00999450683594,152.14999389648438,19780066,tatasteel.ns
2024-09-04 00:00:00+05:30,149.5,152.17999267578125,149.16000366210938,151.17999267578125,39613696,tatasteel.ns
2024-09-05 00:00:00+05:30,151.0,152.7899932861328,151.0,151.72000122070312,28347324,tatasteel.ns
2024-09-06 00:00:00+05:30,151.94000244140625,152.89999389648438,149.64999389648438,151.22000122070312,30709532,tatasteel.ns
2024-09-09 00:00:00+05:30,150.89999389648438,150.89999389648438,148.0500030517578,149.47000122070312,32624586,tatasteel.ns
2024-09-10 00:00:00+05:30,150.5,151.58999633789062,148.80999755859375,149.4199981689453,41607844,tatasteel.ns
2024-09-11 00:00:00+05:30,149.89999389648438,150.1999969482422,147.6199951171875,148.1699981689453,24633287,tatasteel.ns
2024-09-12 00:00:00+05:30,152.0,152.44000244140625,148.75,151.74000549316406,73191476,tatasteel.ns
2024-09-13 00:00:00+05:30,152.77999877929688,155.39999389648438,152.5,153.49000549316406,54894255,tatasteel.ns
2024-09-16 00:00:00+05:30,155.0,155.66000366210938,153.5,154.2100067138672,32575460,tatasteel.ns
2024-09-17 00:00:00+05:30,154.0,154.24000549316406,152.27000427246094,152.82000732421875,18275113,tatasteel.ns
2024-09-18 00:00:00+05:30,152.39999389648438,152.97999572753906,149.61000061035156,150.60000610351562,24856345,tatasteel.ns
2024-09-19 00:00:00+05:30,151.88999938964844,152.19000244140625,147.7899932861328,149.5399932861328,36913781,tatasteel.ns
2024-09-20 00:00:00+05:30,151.0,153.33999633789062,150.64999389648438,152.02000427246094,53873369,tatasteel.ns
2024-09-23 00:00:00+05:30,154.3800048828125,154.38999938964844,152.8000030517578,153.99000549316406,33281905,tatasteel.ns
2024-09-24 00:00:00+05:30,155.14999389648438,161.5,154.85000610351562,160.52999877929688,137414352,tatasteel.ns
2024-09-25 00:00:00+05:30,161.5,162.69000244140625,159.52000427246094,161.66000366210938,58044967,tatasteel.ns
2024-09-26 00:00:00+05:30,162.0,165.89999389648438,160.47999572753906,165.61000061035156,88661662,tatasteel.ns
2024-09-27 00:00:00+05:30,167.0,169.00999450683594,165.88999938964844,166.5500030517578,72795668,tatasteel.ns
2024-09-30 00:00:00+05:30,167.5,170.17999267578125,167.25999450683594,168.5500030517578,92381529,tatasteel.ns
2024-10-01 00:00:00+05:30,169.49000549316406,169.49000549316406,165.10000610351562,167.02999877929688,50761579,tatasteel.ns
2024-10-03 00:00:00+05:30,165.5,169.99000549316406,164.52000427246094,167.32000732421875,66963676,tatasteel.ns
2024-07-03 00:00:00+05:30,24.0,24.299999237060547,23.860000610351562,23.93000030517578,97595777,yesbank.ns
2024-07-04 00:00:00+05:30,23.989999771118164,24.399999618530273,23.809999465942383,23.950000762939453,149388062,yesbank.ns
2024-07-05 00:00:00+05:30,23.979999542236328,27.040000915527344,23.8700008392334,26.639999389648438,985310768,yesbank.ns
2024-07-08 00:00:00+05:30,26.950000762939453,27.440000534057617,25.56999969482422,25.68000030517578,648338958,yesbank.ns
2024-07-09 00:00:00+05:30,26.079999923706055,26.440000534057617,25.709999084472656,25.799999237060547,314153625,yesbank.ns
2024-07-10 00:00:00+05:30,25.899999618530273,26.0,24.600000381469727,24.959999084472656,239758474,yesbank.ns
2024-07-11 00:00:00+05:30,26.100000381469727,27.09000015258789,25.700000762939453,25.829999923706055,726569550,yesbank.ns
2024-07-12 00:00:00+05:30,25.889999389648438,26.239999771118164,25.559999465942383,25.600000381469727,224871313,yesbank.ns
2024-07-15 00:00:00+05:30,25.649999618530273,26.799999237060547,25.100000381469727,26.3799991607666,394428177,yesbank.ns
2024-07-16 00:00:00+05:30,26.3700008392334,26.850000381469727,26.1200008392334,26.190000534057617,164345143,yesbank.ns
2024-07-18 00:00:00+05:30,26.0,26.299999237060547,25.670000076293945,25.75,187983764,yesbank.ns
2024-07-19 00:00:00+05:30,25.739999771118164,25.780000686645508,24.6200008392334,24.770000457763672,166847717,yesbank.ns
2024-07-22 00:00:00+05:30,25.899999618530273,26.190000534057617,25.219999313354492,25.670000076293945,332587313,yesbank.ns
2024-07-23 00:00:00+05:30,25.670000076293945,25.700000762939453,24.25,24.959999084472656,183384210,yesbank.ns
2024-07-24 00:00:00+05:30,24.950000762939453,25.18000030517578,24.739999771118164,24.899999618530273,134634530,yesbank.ns
2024-07-25 00:00:00+05:30,24.59000015258789,24.780000686645508,24.420000076293945,24.6200008392334,106791946,yesbank.ns
2024-07-26 00:00:00+05:30,24.670000076293945,25.110000610351562,24.649999618530273,24.969999313354492,120894253,yesbank.ns
2024-07-29 00:00:00+05:30,25.25,25.68000030517578,24.799999237060547,24.950000762939453,183181556,yesbank.ns
2024-07-30 00:00:00+05:30,24.940000534057617,26.06999969482422,24.8799991607666,25.709999084472656,275043147,yesbank.ns
2024-07-31 00:00:00+05:30,25.90999984741211,27.200000762939453,25.90999984741211,26.510000228881836,653115416,yesbank.ns
2024-08-01 00:00:00+05:30,26.649999618530273,26.940000534057617,26.209999084472656,26.280000686645508,252509224,yesbank.ns
2024-08-02 00:00:00+05:30,25.700000762939453,26.020000457763672,25.350000381469727,25.450000762939453,210174985,yesbank.ns
2024-08-05 00:00:00+05:30,24.5,24.75,23.43000030517578,23.540000915527344,379085398,yesbank.ns
2024-08-06 00:00:00+05:30,24.010000228881836,24.25,23.15999984741211,23.25,183499934,yesbank.ns
2024-08-07 00:00:00+05:30,23.889999389648438,24.149999618530273,23.389999389648438,24.049999237060547,154799051,yesbank.ns
2024-08-08 00:00:00+05:30,24.06999969482422,24.34000015258789,23.8799991607666,23.920000076293945,127582225,yesbank.ns
2024-08-09 00:00:00+05:30,24.190000534057617,24.329999923706055,23.84000015258789,23.940000534057617,103930859,yesbank.ns
2024-08-12 00:00:00+05:30,23.889999389648438,24.6200008392334,23.540000915527344,24.420000076293945,208297302,yesbank.ns
2024-08-13 00:00:00+05:30,25.0,25.100000381469727,24.010000228881836,24.110000610351562,175904099,yesbank.ns
2024-08-14 00:00:00+05:30,24.329999923706055,24.34000015258789,23.81999969482422,23.989999771118164,105214714,yesbank.ns
2024-08-16 00:00:00+05:30,24.270000457763672,24.420000076293945,23.989999771118164,24.270000457763672,97158685,yesbank.ns
2024-08-19 00:00:00+05:30,24.290000915527344,24.940000534057617,24.25,24.450000762939453,131102426,yesbank.ns
2024-08-20 00:00:00+05:30,24.5,24.639999389648438,24.350000381469727,24.510000228881836,87912368,yesbank.ns
2024-08-21 00:00:00+05:30,24.450000762939453,24.770000457763672,24.350000381469727,24.450000762939453,83226963,yesbank.ns
2024-08-22 00:00:00+05:30,24.479999542236328,24.670000076293945,24.459999084472656,24.579999923706055,85421132,yesbank.ns
2024-08-23 00:00:00+05:30,24.6299991607666,24.850000381469727,24.360000610351562,24.389999389648438,111141944,yesbank.ns
2024-08-26 00:00:00+05:30,24.5,24.530000686645508,24.0,24.079999923706055,84344508,yesbank.ns
2024-08-27 00:00:00+05:30,24.18000030517578,24.209999084472656,24.0,24.020000457763672,65729887,yesbank.ns
2024-08-28 00:00:00+05:30,24.0,24.18000030517578,23.920000076293945,23.959999084472656,82734530,yesbank.ns
2024-08-29 00:00:00+05:30,23.959999084472656,24.020000457763672,23.68000030517578,23.729999542236328,77720713,yesbank.ns
2024-08-30 00:00:00+05:30,23.799999237060547,24.020000457763672,23.549999237060547,23.610000610351562,111353758,yesbank.ns
2024-09-02 00:00:00+05:30,23.610000610351562,24.020000457763672,23.360000610351562,23.8700008392334,142483327,yesbank.ns
2024-09-03 00:00:00+05:30,23.959999084472656,24.0,23.639999389648438,23.709999084472656,72982107,yesbank.ns
2024-09-04 00:00:00+05:30,23.489999771118164,23.670000076293945,23.389999389648438,23.489999771118164,75735143,yesbank.ns
2024-09-05 00:00:00+05:30,23.600000381469727,23.6200008392334,23.34000015258789,23.389999389648438,56027204,yesbank.ns
2024-09-06 00:00:00+05:30,23.389999389648438,23.540000915527344,23.100000381469727,23.139999389648438,80711374,yesbank.ns
2024-09-09 00:00:00+05:30,23.049999237060547,23.110000610351562,22.510000228881836,22.889999389648438,121098030,yesbank.ns
2024-09-10 00:00:00+05:30,22.969999313354492,23.110000610351562,22.950000762939453,22.979999542236328,73569153,yesbank.ns
2024-09-11 00:00:00+05:30,22.979999542236328,24.40999984741211,22.8700008392334,23.81999969482422,240019208,yesbank.ns
2024-09-12 00:00:00+05:30,23.989999771118164,24.020000457763672,23.3799991607666,23.43000030517578,95619836,yesbank.ns
2024-09-13 00:00:00+05:30,23.389999389648438,23.860000610351562,23.239999771118164,23.299999237060547,105873786,yesbank.ns
2024-09-16 00:00:00+05:30,23.309999465942383,23.969999313354492,23.239999771118164,23.5,124089733,yesbank.ns
2024-09-17 00:00:00+05:30,23.68000030517578,23.84000015258789,23.350000381469727,23.399999618530273,92847582,yesbank.ns
2024-09-18 00:00:00+05:30,23.489999771118164,23.709999084472656,23.209999084472656,23.31999969482422,84442237,yesbank.ns
2024-09-19 00:00:00+05:30,23.399999618530273,23.450000762939453,22.799999237060547,22.950000762939453,89812762,yesbank.ns
2024-09-20 00:00:00+05:30,23.049999237060547,23.190000534057617,22.90999984741211,23.0,78880719,yesbank.ns
2024-09-23 00:00:00+05:30,23.190000534057617,23.190000534057617,22.899999618530273,22.93000030517578,75716167,yesbank.ns
2024-09-24 00:00:00+05:30,22.989999771118164,23.030000686645508,22.899999618530273,22.950000762939453,49409683,yesbank.ns
2024-09-25 00:00:00+05:30,22.940000534057617,22.989999771118164,22.700000762939453,22.790000915527344,56797147,yesbank.ns
2024-09-26 00:00:00+05:30,22.84000015258789,22.93000030517578,22.649999618530273,22.739999771118164,57810804,yesbank.ns
2024-09-27 00:00:00+05:30,22.75,23.139999389648438,22.68000030517578,22.739999771118164,64565679,yesbank.ns
2024-09-30 00:00:00+05:30,22.729999542236328,22.739999771118164,22.450000762939453,22.479999542236328,68993440,yesbank.ns
2024-10-01 00:00:00+05:30,22.479999542236328,22.579999923706055,22.360000610351562,22.420000076293945,61376374,yesbank.ns
2024-10-03 00:00:00+05:30,22.040000915527344,22.299999237060547,21.850000381469727,21.979999542236328,73291763,yesbank.ns
2024-07-03 00:00:00+05:30,116.58212419681219,119.3781911260282,114.76765322023441,119.2393798828125,6495916,idfc.ns
2024-07-04 00:00:00+05:30,119.7747939521341,121.55951311920212,118.10905152408354,120.47876739501953,4881277,idfc.ns
2024-07-05 00:00:00+05:30,119.62606849913716,121.07367685619418,119.57648981352511,120.27055358886719,3464439,idfc.ns
2024-07-08 00:00:00+05:30,120.27055351100955,120.68698723715802,117.74219183933826,118.18836975097656,3056337,idfc.ns
2024-07-09 00:00:00+05:30,118.18836811961074,118.9815816900693,117.59346172408944,117.93058013916016,3027281,idfc.ns
2024-07-10 00:00:00+05:30,117.99006828894983,118.13879677871368,115.11467855721445,116.00704193115234,3359084,idfc.ns
2024-07-11 00:00:00+05:30,116.40365221979873,116.8498301378766,115.71950568507692,116.3639907836914,1757535,idfc.ns
2024-07-12 00:00:00+05:30,116.37390492409806,117.83142294770535,116.16568806358273,116.65152740478516,2068902,idfc.ns
2024-07-15 00:00:00+05:30,116.10619386872001,117.54389254331757,115.75916576266037,116.83000183105469,3215712,idfc.ns
2024-07-16 00:00:00+05:30,117.2699966430664,117.98999786376953,116.0,116.19999694824219,3063615,idfc.ns
2024-07-18 00:00:00+05:30,116.19999694824219,116.91000366210938,115.56999969482422,115.75,2097278,idfc.ns
2024-07-19 00:00:00+05:30,115.5,115.98999786376953,113.1500015258789,113.44000244140625,4214960,idfc.ns
2024-07-22 00:00:00+05:30,112.55000305175781,116.25,112.01000213623047,115.87999725341797,3548515,idfc.ns
2024-07-23 00:00:00+05:30,115.98999786376953,116.25,111.22000122070312,113.79000091552734,6738949,idfc.ns
2024-07-24 00:00:00+05:30,113.94999694824219,115.0,111.8499984741211,112.72000122070312,4182736,idfc.ns
2024-07-25 00:00:00+05:30,112.0999984741211,112.75,111.01000213623047,111.62999725341797,5376046,idfc.ns
2024-07-26 00:00:00+05:30,110.9000015258789,112.9000015258789,109.29000091552734,112.12000274658203,7252516,idfc.ns
2024-07-29 00:00:00+05:30,110.5,113.19999694824219,110.5,111.7300033569336,9465694,idfc.ns
2024-07-30 00:00:00+05:30,112.0,113.94999694824219,111.7300033569336,112.77999877929688,8739202,idfc.ns
2024-07-31 00:00:00+05:30,113.4000015258789,113.4000015258789,112.0,112.66999816894531,5103382,idfc.ns
2024-08-01 00:00:00+05:30,113.0,113.4000015258789,110.5999984741211,111.0199966430664,5350963,idfc.ns
2024-08-02 00:00:00+05:30,110.41999816894531,110.41999816894531,108.6500015258789,108.94999694824219,7541895,idfc.ns
2024-08-05 00:00:00+05:30,107.4000015258789,108.19999694824219,104.5,104.87000274658203,8272436,idfc.ns
2024-08-06 00:00:00+05:30,105.5999984741211,107.5999984741211,105.0,105.37000274658203,5605953,idfc.ns
2024-08-07 00:00:00+05:30,107.0,107.58000183105469,106.16000366210938,107.18000030517578,5561195,idfc.ns
2024-08-08 00:00:00+05:30,107.25,108.33999633789062,106.2300033569336,106.5999984741211,5269055,idfc.ns
2024-08-09 00:00:00+05:30,107.4000015258789,109.20999908447266,107.20999908447266,108.27999877929688,4581961,idfc.ns
2024-08-12 00:00:00+05:30,108.27999877929688,108.5,107.20999908447266,107.54000091552734,3285433,idfc.ns
2024-08-13 00:00:00+05:30,107.1500015258789,108.38999938964844,106.04000091552734,106.27999877929688,3399595,idfc.ns
2024-08-14 00:00:00+05:30,106.55000305175781,106.88999938964844,105.3499984741211,105.77999877929688,2933120,idfc.ns
2024-08-16 00:00:00+05:30,106.9000015258789,108.13999938964844,106.30000305175781,107.83000183105469,2803398,idfc.ns
2024-08-19 00:00:00+05:30,108.0999984741211,108.55000305175781,107.5,108.0999984741211,3113574,idfc.ns
2024-08-20 00:00:00+05:30,108.38999938964844,111.04000091552734,107.80000305175781,110.13999938964844,7626420,idfc.ns
2024-08-21 00:00:00+05:30,110.13999938964844,111.29000091552734,110.0,111.0199966430664,2681890,idfc.ns
2024-08-22 00:00:00+05:30,111.69000244140625,113.69999694824219,111.06999969482422,113.02999877929688,3674994,idfc.ns
2024-08-23 00:00:00+05:30,113.80000305175781,113.80000305175781,111.93000030517578,112.11000061035156,2413004,idfc.ns
2024-08-26 00:00:00+05:30,113.4000015258789,113.4000015258789,111.25,111.69000244140625,4127806,idfc.ns
2024-08-27 00:00:00+05:30,112.1500015258789,113.19999694824219,111.16000366210938,112.83999633789062,5561897,idfc.ns
2024-08-28 00:00:00+05:30,112.80000305175781,113.12000274658203,111.5,111.94999694824219,4568911,idfc.ns
2024-08-29 00:00:00+05:30,111.1500015258789,112.4800033569336,110.2699966430664,111.16999816894531,3314434,idfc.ns
2024-08-30 00:00:00+05:30,111.18000030517578,113.47000122070312,110.05000305175781,111.94000244140625,4615991,idfc.ns
2024-09-02 00:00:00+05:30,111.94000244140625,114.69999694824219,111.9000015258789,113.93000030517578,7630609,idfc.ns
2024-09-03 00:00:00+05:30,114.5,114.51000213623047,113.44999694824219,114.08000183105469,6500078,idfc.ns
2024-09-04 00:00:00+05:30,112.9800033569336,113.94999694824219,112.31999969482422,112.72000122070312,5743809,idfc.ns
2024-09-05 00:00:00+05:30,113.23999786376953,114.3499984741211,112.69999694824219,113.62999725341797,7227270,idfc.ns
2024-09-06 00:00:00+05:30,113.97000122070312,114.29000091552734,110.80000305175781,111.16000366210938,17877620,idfc.ns
2024-09-09 00:00:00+05:30,110.16000366210938,111.5999984741211,109.58000183105469,110.72000122070312,5855719,idfc.ns
2024-09-10 00:00:00+05:30,110.80000305175781,111.19999694824219,109.55999755859375,110.4000015258789,4805528,idfc.ns
2024-09-11 00:00:00+05:30,110.44999694824219,110.48999786376953,107.88999938964844,108.08000183105469,8169407,idfc.ns
2024-09-12 00:00:00+05:30,108.29000091552734,109.94000244140625,108.29000091552734,109.66000366210938,4274241,idfc.ns
2024-09-13 00:00:00+05:30,109.9000015258789,112.3499984741211,109.80999755859375,111.4000015258789,8384278,idfc.ns
2024-09-16 00:00:00+05:30,111.7300033569336,112.3499984741211,110.81999969482422,110.98999786376953,3347682,idfc.ns
2024-09-17 00:00:00+05:30,111.9000015258789,111.9000015258789,110.1500015258789,110.44999694824219,4364077,idfc.ns
2024-09-18 00:00:00+05:30,110.25,110.94000244140625,108.95999908447266,110.12000274658203,7291245,idfc.ns
2024-09-19 00:00:00+05:30,110.73999786376953,111.8499984741211,106.61000061035156,110.33000183105469,12131900,idfc.ns
2024-09-20 00:00:00+05:30,111.4000015258789,111.69000244140625,109.5199966430664,109.66999816894531,7794356,idfc.ns
2024-09-23 00:00:00+05:30,110.01000213623047,111.88999938964844,109.61000061035156,111.73999786376953,2916024,idfc.ns
2024-09-24 00:00:00+05:30,111.73999786376953,111.97000122070312,110.7300033569336,110.83000183105469,3279369,idfc.ns
2024-09-25 00:00:00+05:30,110.9000015258789,111.4800033569336,109.12000274658203,109.87000274658203,4210994,idfc.ns
2024-09-26 00:00:00+05:30,111.80000305175781,111.8499984741211,109.83000183105469,110.83999633789062,18878070,idfc.ns
2024-09-27 00:00:00+05:30,111.73999786376953,113.62999725341797,111.25,111.9000015258789,7500477,idfc.ns
2024-09-30 00:00:00+05:30,113.05000305175781,115.69000244140625,112.4800033569336,113.29000091552734,17485633,idfc.ns
2024-10-01 00:00:00+05:30,113.5999984741211,114.33000183105469,111.72000122070312,111.91000366210938,9416271,idfc.ns
2024-10-03 00:00:00+05:30,111.0,111.43000030517578,108.08999633789062,108.62000274658203,9122022,idfc.ns
2024-07-03 00:00:00+05:30,436.2252788170533,441.06011879094075,434.42407186662786,439.7803039550781,7347763,vedl.ns
2024-07-04 00:00:00+05:30,443.76192375901,448.83376518106184,439.35369857194337,444.7099304199219,12818706,vedl.ns
2024-07-05 00:00:00+05:30,445.9423474787627,454.6640207221081,442.7191304734807,449.2129821777344,12860621,vedl.ns
2024-07-08 00:00:00+05:30,451.156368914246,452.67318537392373,440.6334890806367,441.4393005371094,8576939,vedl.ns
2024-07-09 00:00:00+05:30,443.09831221125467,443.6671219999923,438.54789176308896,441.4393005371094,5474279,vedl.ns
2024-07-10 00:00:00+05:30,441.7711323364303,442.67175029444235,422.0051864017273,432.9546813964844,11556309,vedl.ns
2024-07-11 00:00:00+05:30,433.2390580818274,434.18706477347257,418.6871495789009,424.422607421875,13978497,vedl.ns
2024-07-12 00:00:00+05:30,428.404200794141,430.77421742713676,421.9577671247394,426.318603515625,11038603,vedl.ns
2024-07-15 00:00:00+05:30,428.59382121597224,438.4530847960228,423.04797641129767,435.5616760253906,10391508,vedl.ns
2024-07-16 00:00:00+05:30,442.62431759456564,443.24051615664104,430.0158401950478,431.8170471191406,23302200,vedl.ns
2024-07-18 00:00:00+05:30,435.0876740367058,436.55707280714057,424.70698939760905,427.9302062988281,16469541,vedl.ns
2024-07-19 00:00:00+05:30,429.44701862405,430.6320269535865,415.2269186696112,416.9333190917969,14552716,vedl.ns
2024-07-22 00:00:00+05:30,419.01895415324685,427.55101430568857,414.2789207352237,425.4179992675781,17818304,vedl.ns
2024-07-23 00:00:00+05:30,426.03418919599164,426.03418919599164,389.20412449780855,412.33551025390625,33154992,vedl.ns
2024-07-24 00:00:00+05:30,414.0893190115122,418.0709587625507,408.4486964502213,410.2025146484375,36773405,vedl.ns
2024-07-25 00:00:00+05:30,406.5526611554577,411.7666977755605,401.95482307701184,408.4960632324219,18871603,vedl.ns
2024-07-26 00:00:00+05:30,416.1749402143824,424.84919571058134,412.00371653143696,421.38897705078125,28749214,vedl.ns
2024-07-29 00:00:00+05:30,423.75898040634905,431.8170370807427,415.2269203981675,425.60760498046875,45433689,vedl.ns
2024-07-30 00:00:00+05:30,423.56938257321843,424.8491974061614,417.31256148926343,423.9486083984375,16607270,vedl.ns
2024-07-31 00:00:00+05:30,429.44701031321495,430.7742138304378,422.3369604735922,427.3139953613281,14227543,vedl.ns
2024-08-01 00:00:00+05:30,434.1870796299017,438.2161082072534,420.48837089455816,424.80181884765625,19749880,vedl.ns
2024-08-02 00:00:00+05:30,420.87995206027387,422.74522716075626,413.51454122264016,415.3320007324219,13093052,vedl.ns
2024-08-05 00:00:00+05:30,405.5752207161222,409.8318591195565,386.6834504115387,395.2923583984375,20763297,vedl.ns
2024-08-06 00:00:00+05:30,399.4055083038081,403.61433129273166,393.42709973027814,395.91412353515625,17994697,vedl.ns
2024-08-07 00:00:00+05:30,407.01005996496025,415.57115280884017,400.3142422922112,413.5145568847656,15297435,vedl.ns
2024-08-08 00:00:00+05:30,411.3623232715915,412.7493257298818,402.75341497131586,403.9490966796875,9305734,vedl.ns
2024-08-09 00:00:00+05:30,411.4101592217627,413.46672587771747,405.1447696895454,410.2144775390625,8363641,vedl.ns
2024-08-12 00:00:00+05:30,407.6317858076632,417.0537631294974,406.29262818636244,413.3232421875,8178539,vedl.ns
2024-08-13 00:00:00+05:30,414.3754714833002,415.1406961129197,402.9447424828743,403.9969482421875,8522806,vedl.ns
2024-08-14 00:00:00+05:30,406.5317746661114,409.87968339865586,387.5921883700104,401.94036865234375,18914429,vedl.ns
2024-08-16 00:00:00+05:30,407.4883101419649,412.12756082576726,403.2316717514619,410.40576171875,9815524,vedl.ns
2024-08-19 00:00:00+05:30,411.79278660951394,425.0887615699984,410.5971048830055,423.5104675292969,10922980,vedl.ns
2024-08-20 00:00:00+05:30,425.1844001708957,428.38883287211536,421.02342213745806,427.240966796875,8887888,vedl.ns
2024-08-21 00:00:00+05:30,430.06278483484886,438.9586446989018,428.19750977071834,435.51507568359375,13609457,vedl.ns
2024-08-22 00:00:00+05:30,440.01087091213526,441.5413493449019,434.9411921195095,439.5804138183594,8864437,vedl.ns
2024-08-23 00:00:00+05:30,439.96304929165166,440.202185631262,428.86711729544317,429.77581787109375,6908675,vedl.ns
2024-08-26 00:00:00+05:30,433.31505171612446,445.70232590865027,432.3585063480977,442.9761657714844,11143399,vedl.ns
2024-08-27 00:00:00+05:30,442.88050904294596,448.14150861041077,440.82394232304483,443.74139404296875,10906758,vedl.ns
2024-08-28 00:00:00+05:30,447.5675578288909,448.8588998735293,443.4544245519137,445.7979431152344,9277650,vedl.ns
2024-08-29 00:00:00+05:30,449.7676486472625,450.4850576811375,439.10214432382924,443.26312255859375,12608981,vedl.ns
2024-08-30 00:00:00+05:30,445.41534442167494,452.6372794592813,444.31532308762706,448.09368896484375,14026797,vedl.ns
2024-09-02 00:00:00+05:30,452.1589940489142,453.06769460735615,440.96740189051536,443.11962890625,11933834,vedl.ns
2024-09-03 00:00:00+05:30,452.4459485097397,452.6850848461613,442.0196100800457,444.3631286621094,23319237,vedl.ns
2024-09-04 00:00:00+05:30,440.4413048126781,442.8326681156214,435.22812113568307,439.38909912109375,15530065,vedl.ns
2024-09-05 00:00:00+05:30,443.35878188897203,449.05023855420154,442.0674397927533,446.41973876953125,12242972,vedl.ns
2024-09-06 00:00:00+05:30,447.5675728977941,449.9111207314655,437.33255495107693,439.8195495605469,17832425,vedl.ns
2024-09-09 00:00:00+05:30,440.9195934256285,441.3500213208631,431.92804372809235,440.25,14042464,vedl.ns
2024-09-10 00:00:00+05:30,439.79998779296875,444.0,436.95001220703125,440.0,13192375,vedl.ns
2024-09-11 00:00:00+05:30,440.0,440.45001220703125,424.54998779296875,425.79998779296875,13394230,vedl.ns
2024-09-12 00:00:00+05:30,430.04998779296875,443.54998779296875,428.79998779296875,441.70001220703125,13025897,vedl.ns
2024-09-13 00:00:00+05:30,444.8999938964844,456.3999938964844,444.5,454.04998779296875,15909513,vedl.ns
2024-09-16 00:00:00+05:30,458.0,471.0,444.3999938964844,446.29998779296875,34590598,vedl.ns
2024-09-17 00:00:00+05:30,450.70001220703125,454.25,447.04998779296875,449.79998779296875,11644008,vedl.ns
2024-09-18 00:00:00+05:30,450.79998779296875,451.0,445.6499938964844,448.29998779296875,5180919,vedl.ns
2024-09-19 00:00:00+05:30,451.0,453.29998779296875,437.0,449.75,7777695,vedl.ns
2024-09-20 00:00:00+05:30,452.0,458.45001220703125,448.6499938964844,449.95001220703125,17249829,vedl.ns
2024-09-23 00:00:00+05:30,453.0,456.25,450.04998779296875,453.1000061035156,5177341,vedl.ns
2024-09-24 00:00:00+05:30,456.29998779296875,473.5,456.0,470.20001220703125,28418267,vedl.ns
2024-09-25 00:00:00+05:30,478.0,486.0,473.79998779296875,479.8500061035156,24495683,vedl.ns
2024-09-26 00:00:00+05:30,484.54998779296875,504.8999938964844,477.0,501.75,42980530,vedl.ns
2024-09-27 00:00:00+05:30,506.0,515.9000244140625,506.0,513.0,24451210,vedl.ns
2024-09-30 00:00:00+05:30,519.0,523.6500244140625,508.5,512.6500244140625,19027211,vedl.ns
2024-10-01 00:00:00+05:30,510.29998779296875,521.3499755859375,506.1499938964844,516.1500244140625,14071685,vedl.ns
2024-10-03 00:00:00+05:30,513.0,520.5,509.0,511.75,11689605,vedl.ns
2024-07-03 00:00:00+05:30,189.0,189.6999969482422,184.5,185.2899932861328,15575143,iex.ns
2024-07-04 00:00:00+05:30,186.19000244140625,186.60000610351562,182.8000030517578,183.63999938964844,9952987,iex.ns
2024-07-05 00:00:00+05:30,183.0,186.17999267578125,182.0,184.35000610351562,7403916,iex.ns
2024-07-08 00:00:00+05:30,185.0,185.49000549316406,180.36000061035156,181.64999389648438,8737011,iex.ns
2024-07-09 00:00:00+05:30,182.0,185.39999389648438,181.64999389648438,183.3800048828125,10668839,iex.ns
2024-07-10 00:00:00+05:30,182.9499969482422,182.9499969482422,170.47000122070312,176.1199951171875,31541545,iex.ns
2024-07-11 00:00:00+05:30,178.1999969482422,178.8699951171875,176.00999450683594,177.07000732421875,6941666,iex.ns
2024-07-12 00:00:00+05:30,178.0,180.0,176.66000366210938,177.1300048828125,7366030,iex.ns
2024-07-15 00:00:00+05:30,178.25,179.14999389648438,174.16000366210938,178.22000122070312,7613554,iex.ns
2024-07-16 00:00:00+05:30,178.9499969482422,182.3699951171875,177.0,177.33999633789062,11969269,iex.ns
2024-07-18 00:00:00+05:30,177.00999450683594,177.08999633789062,172.5,173.55999755859375,7781301,iex.ns
2024-07-19 00:00:00+05:30,172.9499969482422,173.38999938964844,168.5,169.07000732421875,10733712,iex.ns
2024-07-22 00:00:00+05:30,168.0,172.86000061035156,166.39999389648438,171.5399932861328,10982909,iex.ns
2024-07-23 00:00:00+05:30,172.0,172.35000610351562,159.35000610351562,168.24000549316406,13090043,iex.ns
2024-07-24 00:00:00+05:30,169.10000610351562,175.13999938964844,168.2100067138672,174.42999267578125,11178623,iex.ns
2024-07-25 00:00:00+05:30,174.5,178.63999938964844,171.77000427246094,176.10000610351562,14791706,iex.ns
2024-07-26 00:00:00+05:30,177.8000030517578,177.9499969482422,175.61000061035156,176.66000366210938,4893874,iex.ns
2024-07-29 00:00:00+05:30,178.5,190.38999938964844,178.0500030517578,187.0399932861328,40759273,iex.ns
2024-07-30 00:00:00+05:30,187.9499969482422,192.14999389648438,187.0500030517578,188.86000061035156,17126857,iex.ns
2024-07-31 00:00:00+05:30,188.91000366210938,194.3000030517578,188.91000366210938,192.11000061035156,16154061,iex.ns
2024-08-01 00:00:00+05:30,192.89999389648438,193.5,187.5500030517578,190.42999267578125,13153852,iex.ns
2024-08-02 00:00:00+05:30,186.0,197.8000030517578,184.3000030517578,195.32000732421875,33779275,iex.ns
2024-08-05 00:00:00+05:30,192.88999938964844,197.2899932861328,185.32000732421875,188.30999755859375,33410920,iex.ns
2024-08-06 00:00:00+05:30,190.10000610351562,196.63999938964844,189.27000427246094,189.91000366210938,18912678,iex.ns
2024-08-07 00:00:00+05:30,193.50999450683594,199.75,191.0500030517578,197.8699951171875,16334341,iex.ns
2024-08-08 00:00:00+05:30,200.25,200.89999389648438,193.0800018310547,193.6199951171875,16338322,iex.ns
2024-08-09 00:00:00+05:30,196.25,197.6999969482422,192.38999938964844,192.6699981689453,7520604,iex.ns
2024-08-12 00:00:00+05:30,190.0,195.6199951171875,189.00999450683594,194.44000244140625,9168119,iex.ns
2024-08-13 00:00:00+05:30,195.0,195.0,187.0500030517578,187.9600067138672,8495576,iex.ns
2024-08-14 00:00:00+05:30,188.60000610351562,188.60000610351562,184.41000366210938,185.80999755859375,6590045,iex.ns
2024-08-16 00:00:00+05:30,187.0,195.5,187.0,194.82000732421875,14692697,iex.ns
2024-08-19 00:00:00+05:30,196.39999389648438,198.1699981689453,195.00999450683594,196.32000732421875,6305026,iex.ns
2024-08-20 00:00:00+05:30,196.88999938964844,197.25,193.4199981689453,195.32000732421875,3969340,iex.ns
2024-08-21 00:00:00+05:30,195.25,197.60000610351562,194.10000610351562,196.25,5334593,iex.ns
2024-08-22 00:00:00+05:30,196.75,200.69000244140625,195.02000427246094,195.5500030517578,18387252,iex.ns
2024-08-23 00:00:00+05:30,195.1999969482422,196.0,188.25,188.97000122070312,13452198,iex.ns
2024-08-26 00:00:00+05:30,190.75999450683594,190.9600067138672,186.3000030517578,188.9499969482422,9531606,iex.ns
2024-08-27 00:00:00+05:30,190.27999877929688,195.99000549316406,189.4499969482422,195.55999755859375,19944502,iex.ns
2024-08-28 00:00:00+05:30,196.39999389648438,205.44000244140625,194.75,203.50999450683594,53994365,iex.ns
2024-08-29 00:00:00+05:30,203.47999572753906,206.35000610351562,199.2899932861328,205.7100067138672,27970653,iex.ns
2024-08-30 00:00:00+05:30,206.35000610351562,208.75999450683594,202.89999389648438,203.6300048828125,15630541,iex.ns
2024-09-02 00:00:00+05:30,206.0,206.0,201.75,203.41000366210938,7970314,iex.ns
2024-09-03 00:00:00+05:30,204.0500030517578,207.8000030517578,203.4199981689453,205.86000061035156,10928702,iex.ns
2024-09-04 00:00:00+05:30,205.82000732421875,208.60000610351562,203.5500030517578,206.85000610351562,18267154,iex.ns
2024-09-05 00:00:00+05:30,207.1999969482422,211.25,206.60000610351562,209.33999633789062,18412659,iex.ns
2024-09-06 00:00:00+05:30,209.32000732421875,212.5,206.1999969482422,207.9600067138672,16850599,iex.ns
2024-09-09 00:00:00+05:30,207.99000549316406,213.94000244140625,207.85000610351562,213.52000427246094,18544014,iex.ns
2024-09-10 00:00:00+05:30,214.10000610351562,217.3000030517578,212.60000610351562,214.61000061035156,14229854,iex.ns
2024-09-11 00:00:00+05:30,214.75,216.60000610351562,210.8800048828125,211.85000610351562,8310394,iex.ns
2024-09-12 00:00:00+05:30,215.0500030517578,219.60000610351562,214.25,216.52000427246094,17156414,iex.ns
2024-09-13 00:00:00+05:30,216.75,220.6999969482422,216.05999755859375,219.07000732421875,9475492,iex.ns
2024-09-16 00:00:00+05:30,219.50999450683594,222.27000427246094,216.44000244140625,220.92999267578125,9019252,iex.ns
2024-09-17 00:00:00+05:30,222.0500030517578,226.27999877929688,219.60000610351562,221.89999389648438,16758314,iex.ns
2024-09-18 00:00:00+05:30,221.99000549316406,229.10000610351562,220.75999450683594,228.07000732421875,24545474,iex.ns
2024-09-19 00:00:00+05:30,228.25,230.2899932861328,221.57000732421875,225.41000366210938,13100758,iex.ns
2024-09-20 00:00:00+05:30,226.4499969482422,233.27000427246094,226.00999450683594,231.35000610351562,21702823,iex.ns
2024-09-23 00:00:00+05:30,231.85000610351562,240.25,231.1999969482422,239.3699951171875,17229006,iex.ns
2024-09-24 00:00:00+05:30,240.5,244.39999389648438,209.0500030517578,211.61000061035156,121892360,iex.ns
2024-09-25 00:00:00+05:30,209.0,210.27999877929688,199.5,202.52000427246094,71971589,iex.ns
2024-09-26 00:00:00+05:30,202.6999969482422,210.75,202.69000244140625,208.66000366210938,61377352,iex.ns
2024-09-27 00:00:00+05:30,209.77000427246094,213.60000610351562,203.64999389648438,206.25,37092117,iex.ns
2024-09-30 00:00:00+05:30,206.0,207.3800048828125,202.66000366210938,204.27999877929688,21703577,iex.ns
2024-10-01 00:00:00+05:30,204.27999877929688,209.60000610351562,202.85000610351562,208.33999633789062,12907273,iex.ns
2024-10-03 00:00:00+05:30,205.0,211.6999969482422,204.19000244140625,208.9600067138672,16742295,iex.ns
2024-07-03 00:00:00+05:30,1625.0,1636.0,1606.0,1627.4000244140625,7269965,infy.ns
2024-07-04 00:00:00+05:30,1628.199951171875,1660.0,1628.0,1650.6500244140625,8008311,infy.ns
2024-07-05 00:00:00+05:30,1651.449951171875,1665.8499755859375,1633.3499755859375,1647.449951171875,7065022,infy.ns
2024-07-08 00:00:00+05:30,1643.0999755859375,1666.0,1640.0,1661.6500244140625,5880533,infy.ns
2024-07-09 00:00:00+05:30,1659.9000244140625,1666.75,1651.0,1657.1500244140625,5191182,infy.ns
2024-07-10 00:00:00+05:30,1657.0,1674.0,1637.550048828125,1648.25,9852770,infy.ns
2024-07-11 00:00:00+05:30,1656.0,1665.0,1642.050048828125,1652.699951171875,8857679,infy.ns
2024-07-12 00:00:00+05:30,1680.0,1719.75,1666.6500244140625,1711.75,17078316,infy.ns
2024-07-15 00:00:00+05:30,1726.199951171875,1728.0,1702.6500244140625,1707.050048828125,6942230,infy.ns
2024-07-16 00:00:00+05:30,1718.5999755859375,1737.9000244140625,1700.0,1726.050048828125,6886281,infy.ns
2024-07-18 00:00:00+05:30,1719.0,1765.4000244140625,1719.0,1758.050048828125,11248896,infy.ns
2024-07-19 00:00:00+05:30,1844.0,1844.0,1786.449951171875,1792.949951171875,29819116,infy.ns
2024-07-22 00:00:00+05:30,1800.1500244140625,1823.0,1792.949951171875,1810.8499755859375,8462126,infy.ns
2024-07-23 00:00:00+05:30,1810.0,1839.949951171875,1783.25,1836.9000244140625,7113056,infy.ns
2024-07-24 00:00:00+05:30,1837.5,1842.3499755859375,1819.5999755859375,1833.949951171875,6002845,infy.ns
2024-07-25 00:00:00+05:30,1820.0,1830.9000244140625,1812.0,1824.8499755859375,5815599,infy.ns
2024-07-26 00:00:00+05:30,1825.3499755859375,1883.0,1825.3499755859375,1878.9000244140625,11369047,infy.ns
2024-07-29 00:00:00+05:30,1893.5999755859375,1903.0,1864.0,1871.0999755859375,4635931,infy.ns
2024-07-30 00:00:00+05:30,1871.0999755859375,1879.949951171875,1860.0,1877.1500244140625,2721265,infy.ns
2024-07-31 00:00:00+05:30,1877.0,1885.1500244140625,1865.050048828125,1868.25,5004209,infy.ns
2024-08-01 00:00:00+05:30,1856.0999755859375,1867.9000244140625,1845.0999755859375,1852.5999755859375,7475014,infy.ns
2024-08-02 00:00:00+05:30,1843.0,1859.5,1816.1500244140625,1821.199951171875,7400938,infy.ns
2024-08-05 00:00:00+05:30,1784.949951171875,1797.5,1718.550048828125,1751.9000244140625,10736703,infy.ns
2024-08-06 00:00:00+05:30,1760.199951171875,1796.949951171875,1744.8499755859375,1751.0999755859375,7690163,infy.ns
2024-08-07 00:00:00+05:30,1796.0,1797.9000244140625,1762.0999755859375,1791.6500244140625,5094329,infy.ns
2024-08-08 00:00:00+05:30,1779.949951171875,1779.949951171875,1727.0999755859375,1743.1500244140625,6227910,infy.ns
2024-08-09 00:00:00+05:30,1771.25,1780.75,1756.0,1770.75,4258524,infy.ns
2024-08-12 00:00:00+05:30,1773.050048828125,1803.5,1768.0999755859375,1797.4000244140625,4315329,infy.ns
2024-08-13 00:00:00+05:30,1810.0,1810.0,1789.050048828125,1797.449951171875,4176918,infy.ns
2024-08-14 00:00:00+05:30,1802.0,1825.0,1797.449951171875,1823.25,7450718,infy.ns
2024-08-16 00:00:00+05:30,1850.0,1861.8499755859375,1829.5,1858.949951171875,7335657,infy.ns
2024-08-19 00:00:00+05:30,1860.0,1867.550048828125,1849.199951171875,1864.800048828125,2585989,infy.ns
2024-08-20 00:00:00+05:30,1880.0,1885.699951171875,1868.199951171875,1872.199951171875,3870333,infy.ns
2024-08-21 00:00:00+05:30,1875.0999755859375,1879.0,1867.0999755859375,1872.699951171875,1966902,infy.ns
2024-08-22 00:00:00+05:30,1884.0,1893.6500244140625,1869.699951171875,1880.25,4300287,infy.ns
2024-08-23 00:00:00+05:30,1878.199951171875,1882.5999755859375,1857.0,1862.0999755859375,5015935,infy.ns
2024-08-26 00:00:00+05:30,1870.0,1888.75,1864.0,1876.1500244140625,3728589,infy.ns
2024-08-27 00:00:00+05:30,1876.1500244140625,1902.75,1873.9000244140625,1900.0999755859375,3830679,infy.ns
2024-08-28 00:00:00+05:30,1906.9000244140625,1951.0,1897.4000244140625,1939.0999755859375,6514531,infy.ns
2024-08-29 00:00:00+05:30,1933.0,1950.5,1920.9000244140625,1933.3499755859375,7228284,infy.ns
2024-08-30 00:00:00+05:30,1938.0,1950.0,1928.0,1943.699951171875,13466759,infy.ns
2024-09-02 00:00:00+05:30,1943.3499755859375,1975.75,1942.800048828125,1964.5,5573739,infy.ns
2024-09-03 00:00:00+05:30,1967.0,1967.0,1936.449951171875,1941.25,4694322,infy.ns
2024-09-04 00:00:00+05:30,1921.0999755859375,1927.199951171875,1900.050048828125,1922.449951171875,4778310,infy.ns
2024-09-05 00:00:00+05:30,1926.25,1940.0,1909.5999755859375,1933.1500244140625,4081810,infy.ns
2024-09-06 00:00:00+05:30,1922.0,1936.5,1896.8499755859375,1901.8499755859375,5848106,infy.ns
2024-09-09 00:00:00+05:30,1890.0,1920.8499755859375,1889.0,1894.6500244140625,4772612,infy.ns
2024-09-10 00:00:00+05:30,1904.9000244140625,1935.0,1896.0,1912.300048828125,6909600,infy.ns
2024-09-11 00:00:00+05:30,1914.699951171875,1926.0,1905.0,1910.1500244140625,5312946,infy.ns
2024-09-12 00:00:00+05:30,1925.0,1956.4000244140625,1910.800048828125,1950.449951171875,8555092,infy.ns
2024-09-13 00:00:00+05:30,1950.449951171875,1958.5999755859375,1935.6500244140625,1944.0999755859375,3843127,infy.ns
2024-09-16 00:00:00+05:30,1945.75,1952.0,1933.050048828125,1950.25,1570181,infy.ns
2024-09-17 00:00:00+05:30,1947.75,1958.449951171875,1942.1500244140625,1952.550048828125,2793127,infy.ns
2024-09-18 00:00:00+05:30,1938.75,1938.75,1881.300048828125,1892.1500244140625,6385468,infy.ns
2024-09-19 00:00:00+05:30,1910.5999755859375,1924.9000244140625,1878.800048828125,1894.199951171875,7976570,infy.ns
2024-09-20 00:00:00+05:30,1905.0,1915.0,1867.4000244140625,1905.75,15242974,infy.ns
2024-09-23 00:00:00+05:30,1909.0,1918.9000244140625,1878.449951171875,1896.449951171875,3636672,infy.ns
2024-09-24 00:00:00+05:30,1888.0,1910.9000244140625,1871.4000244140625,1898.5999755859375,7277616,infy.ns
2024-09-25 00:00:00+05:30,1886.3499755859375,1901.5999755859375,1876.800048828125,1895.300048828125,4268341,infy.ns
2024-09-26 00:00:00+05:30,1897.800048828125,1917.949951171875,1893.0,1900.25,8952803,infy.ns
2024-09-27 00:00:00+05:30,1932.0999755859375,1974.5999755859375,1903.300048828125,1906.75,14908931,infy.ns
2024-09-30 00:00:00+05:30,1880.0,1901.25,1870.5,1875.5999755859375,6986955,infy.ns
2024-10-01 00:00:00+05:30,1875.0,1908.949951171875,1875.0,1904.3499755859375,4029072,infy.ns
2024-10-03 00:00:00+05:30,1889.5,1911.8499755859375,1881.199951171875,1891.4000244140625,6427854,infy.ns
